{
  "f0_min": 103.22817963382575,
  "f0_max": 1089.6831971321476,
  "f0_median": 391.9954359817493,
  "range_semitone": 40.800000000000004,
  "std_semitone": 5.250728571219808,
  "voiced_ratio": 0.8855799373040752
}