{
  "f0_min": 75.5674506101949,
  "f0_max": 583.9467666289698,
  "f0_median": 312.9293240034019,
  "range_semitone": 35.4,
  "std_semitone": 7.277173845718735,
  "voiced_ratio": 0.9020376175548589
}