{
  "f0_min": 65.40639132514966,
  "f0_max": 594.1539763140034,
  "f0_median": 208.85526660911424,
  "range_semitone": 38.199999999999996,
  "std_semitone": 9.999367280297692,
  "voiced_ratio": 0.8652037617554859
}