{
  "f0_min": 116.54094037952247,
  "f0_max": 573.9149106968482,
  "f0_median": 342.24027352465293,
  "range_semitone": 27.599999999999998,
  "std_semitone": 3.9151780660941786,
  "voiced_ratio": 0.9012539184952978
}