{
  "f0_min": 65.40639132514966,
  "f0_max": 1005.032458593479,
  "f0_median": 368.9289171792893,
  "range_semitone": 47.300000000000004,
  "std_semitone": 12.340670383943813,
  "voiced_ratio": 0.8150470219435737
}