{
  "f0_min": 102.63362906904881,
  "f0_max": 554.3652619537442,
  "f0_median": 391.9954359817493,
  "range_semitone": 29.200000000000003,
  "std_semitone": 5.806865969070857,
  "voiced_ratio": 0.8996865203761756
}