{
  "f0_min": 140.20166900511882,
  "f0_max": 806.9635580201106,
  "f0_median": 365.74467430282664,
  "range_semitone": 30.299999999999997,
  "std_semitone": 6.712368724274036,
  "voiced_ratio": 0.8629191321499013
}