{
  "f0_min": 255.6500291307247,
  "f0_max": 850.0239694538641,
  "f0_median": 439.99999999999994,
  "range_semitone": 20.8,
  "std_semitone": 4.210143518891399,
  "voiced_ratio": 0.8915187376725838
}