{
  "f0_min": 286.9574553484241,
  "f0_max": 993.4886762293953,
  "f0_median": 523.2511306011972,
  "range_semitone": 21.5,
  "std_semitone": 4.89974934628863,
  "voiced_ratio": 0.8964497041420119
}