{
  "f0_min": 173.60841241450115,
  "f0_max": 2093.004522404789,
  "f0_median": 471.580323515969,
  "range_semitone": 43.1,
  "std_semitone": 5.605759198081514,
  "voiced_ratio": 0.6351084812623274
}