{
  "f0_min": 65.40639132514966,
  "f0_max": 2080.94970340778,
  "f0_median": 369.9944227116344,
  "range_semitone": 59.89999999999999,
  "std_semitone": 10.776637436079536,
  "voiced_ratio": 0.631163708086785
}