{
  "f0_min": 194.86885420251932,
  "f0_max": 2080.94970340778,
  "f0_median": 523.2511306011972,
  "range_semitone": 40.99999999999999,
  "std_semitone": 5.89125642735658,
  "voiced_ratio": 0.8865877712031558
}