{
  "f0_min": 65.40639132514966,
  "f0_max": 895.3821290503639,
  "f0_median": 422.5640958224419,
  "range_semitone": 45.3,
  "std_semitone": 7.15836698511394,
  "voiced_ratio": 0.8951612903225806
}