{
  "f0_min": 87.30705785825097,
  "f0_max": 622.2539674441617,
  "f0_median": 353.2860680198856,
  "range_semitone": 34.0,
  "std_semitone": 4.278335034912463,
  "voiced_ratio": 0.8449820788530465
}