{
  "f0_min": 87.30705785825097,
  "f0_max": 1046.5022612023945,
  "f0_median": 391.9954359817493,
  "range_semitone": 43.0,
  "std_semitone": 7.523518929889965,
  "voiced_ratio": 0.7732974910394266
}