{
  "f0_min": 174.61411571650194,
  "f0_max": 885.097788139711,
  "f0_median": 401.1578949656154,
  "range_semitone": 28.1,
  "std_semitone": 5.623221396042136,
  "voiced_ratio": 0.8315412186379928
}