{
  "f0_min": 160.1218501126406,
  "f0_max": 982.0774855145963,
  "f0_median": 432.44106335991046,
  "range_semitone": 31.4,
  "std_semitone": 5.812139339937279,
  "voiced_ratio": 0.8109318996415771
}