{
  "f0_min": 65.7852866955572,
  "f0_max": 529.3310158761313,
  "f0_median": 351.2512899969259,
  "range_semitone": 36.10000000000001,
  "std_semitone": 4.700943193889528,
  "voiced_ratio": 0.6657706093189965
}