{
  "f0_min": 124.18608452867444,
  "f0_max": 583.9467666289698,
  "f0_median": 322.09885310803753,
  "range_semitone": 26.799999999999997,
  "std_semitone": 4.921744049603007,
  "voiced_ratio": 0.84251968503937
}