{
  "f0_min": 65.7852866955572,
  "f0_max": 587.329535834815,
  "f0_median": 394.2662424412591,
  "range_semitone": 37.9,
  "std_semitone": 6.620359468311756,
  "voiced_ratio": 0.6220472440944882
}