{
  "f0_min": 94.6606580968763,
  "f0_max": 590.7319012233158,
  "f0_median": 408.1768207270042,
  "range_semitone": 31.7,
  "std_semitone": 5.49888436000637,
  "voiced_ratio": 0.6594488188976378
}