{
  "f0_min": 74.26924703925044,
  "f0_max": 442.5488940698555,
  "f0_median": 295.3659506116579,
  "range_semitone": 30.900000000000002,
  "std_semitone": 5.6775146568808665,
  "voiced_ratio": 0.6328740157480315
}