{
  "f0_min": 229.0776735576574,
  "f0_max": 590.7319012233158,
  "f0_median": 403.4817790100553,
  "range_semitone": 16.4,
  "std_semitone": 3.3708540331000356,
  "voiced_ratio": 0.9616141732283464
}