{
  "f0_min": 145.14587018501834,
  "f0_max": 608.0416671858214,
  "f0_median": 372.1377785978373,
  "range_semitone": 24.800000000000004,
  "std_semitone": 5.152584462539029,
  "voiced_ratio": 0.9202755905511811
}