{
  "f0_min": 65.40639132514966,
  "f0_max": 587.329535834815,
  "f0_median": 384.151718434442,
  "range_semitone": 38.0,
  "std_semitone": 15.159539074746338,
  "voiced_ratio": 0.5272938443670151
}