{
  "f0_min": 96.31529725464738,
  "f0_max": 587.329535834815,
  "f0_median": 391.9954359817493,
  "range_semitone": 31.299999999999997,
  "std_semitone": 9.566499608092082,
  "voiced_ratio": 0.5981416957026713
}