{
  "f0_min": 246.94165062806206,
  "f0_max": 587.329535834815,
  "f0_median": 391.9954359817493,
  "range_semitone": 14.999999999999996,
  "std_semitone": 3.3932998957413445,
  "voiced_ratio": 0.9686411149825784
}