{
  "f0_min": 246.94165062806206,
  "f0_max": 535.48154601506,
  "f0_median": 389.7377084050387,
  "range_semitone": 13.399999999999999,
  "std_semitone": 3.2403394604784372,
  "voiced_ratio": 0.9663182346109176
}