{
  "f0_min": 65.40639132514966,
  "f0_max": 526.2822935644576,
  "f0_median": 380.8360868427029,
  "range_semitone": 36.1,
  "std_semitone": 3.5167442343340776,
  "voiced_ratio": 0.924506387921022
}