{
  "f0_min": 191.5211239251473,
  "f0_max": 1952.8422708394075,
  "f0_median": 252.71363809934766,
  "range_semitone": 40.2,
  "std_semitone": 6.9152330413069345,
  "voiced_ratio": 0.9024390243902439
}