{
  "f0_min": 118.57804013471404,
  "f0_max": 420.1303057205832,
  "f0_median": 304.0208335929107,
  "range_semitone": 21.9,
  "std_semitone": 4.511717277449663,
  "voiced_ratio": 0.9077641564506713
}