{
  "f0_min": 73.84148765291448,
  "f0_max": 1709.896216430346,
  "f0_median": 180.77186920887385,
  "range_semitone": 54.4,
  "std_semitone": 6.886389802518751,
  "voiced_ratio": 0.7460595446584939
}