{
  "f0_min": 80.5247132770094,
  "f0_max": 1558.9508336201548,
  "f0_median": 231.73942791006385,
  "range_semitone": 51.300000000000004,
  "std_semitone": 7.9811282947515405,
  "voiced_ratio": 0.8353765323992994
}