{
  "f0_min": 184.9972113558172,
  "f0_max": 694.4336496580045,
  "f0_median": 312.9293240034019,
  "range_semitone": 22.9,
  "std_semitone": 3.803857742822669,
  "voiced_ratio": 0.9346176298890835
}