{
  "f0_min": 190.41804342135148,
  "f0_max": 633.1307752047608,
  "f0_median": 349.2282314330038,
  "range_semitone": 20.799999999999997,
  "std_semitone": 3.2147771182919285,
  "voiced_ratio": 0.8867483946293053
}