{
  "f0_min": 65.7852866955572,
  "f0_max": 2093.004522404789,
  "f0_median": 314.74210513575684,
  "range_semitone": 59.900000000000006,
  "std_semitone": 9.281895797624282,
  "voiced_ratio": 0.7332165791009924
}