{
  "f0_min": 192.63059450929475,
  "f0_max": 864.8821267198209,
  "f0_median": 372.1377785978373,
  "range_semitone": 26.0,
  "std_semitone": 4.391310727634564,
  "voiced_ratio": 0.9221085759244689
}