{
  "f0_min": 186.06888929891866,
  "f0_max": 706.5721360397712,
  "f0_median": 347.21682482900223,
  "range_semitone": 23.1,
  "std_semitone": 4.215993084765676,
  "voiced_ratio": 0.963021243115657
}