{
  "f0_min": 119.26495573315601,
  "f0_max": 1975.5332050244967,
  "f0_median": 218.73289323986043,
  "range_semitone": 48.60000000000001,
  "std_semitone": 7.814809762241079,
  "voiced_ratio": 0.9040125885129819
}