{
  "f0_min": 123.47082531403102,
  "f0_max": 739.9888454232688,
  "f0_median": 261.6255653005986,
  "range_semitone": 31.0,
  "std_semitone": 5.659599242439153,
  "voiced_ratio": 0.912667191188041
}