{
  "f0_min": 65.40639132514966,
  "f0_max": 283.6614678567074,
  "f0_median": 194.86885420251932,
  "range_semitone": 25.4,
  "std_semitone": 3.57803775474673,
  "voiced_ratio": 0.8292682926829268
}