{
  "f0_min": 231.73942791006385,
  "f0_max": 1010.8545523973909,
  "f0_median": 412.91271853530293,
  "range_semitone": 25.500000000000007,
  "std_semitone": 4.06708620369224,
  "voiced_ratio": 0.3627065302911094
}